{"nodes":{"node:1":{"location":{"x":0,"y":0}}},"selection":null,"view":{"scroll":{"x":-202.087661743164062,"y":-119.258766174316406},"visible_rect":{"max":{"x":416.85211181640625,"y":211.611480712890625},"min":{"x":-94.8749847412109375,"y":-55.9889373779296875}},"zoom":2.13004159927368164}}